metric,HP_median,nonHP_median,welch_t,welch_p
bias,-0.03184836803988633,-0.03583033336389187,-2.5842181771747263,0.009760003216436754
ubrmse,0.061657953475395495,0.05719539305258031,3.3474084407946574,0.0008157092851609289
R,0.3167881986035064,0.27304734028345207,-0.38164850329669847,0.7027221021191816
Ranom,0.3291742694122185,0.17852973640201927,1.9165107025661596,0.0553001222384108
