reference,full_bias,hydraprobe_bias,non_hydraprobe_bias,equal_HP_nonHP_bias,delta_equal_HP_nonHP_minus_full
ERA5-Land,-0.0809,-0.0973,-0.0192,-0.058249999999999996,0.022650000000000003
SMAP L3_E,-0.0163,-0.0254,0.0076,-0.0089,0.007399999999999999
SMAP-SMI,-0.0364,-0.0372,-0.0336,-0.0354,0.0010000000000000009
